month,revenue,expenses,profit
2009-01,87.3,58.56,28.74
2009-02,79.33,61.71,17.63
2009-03,81.98,62.0,19.98
2009-04,84.15,65.31,18.84
2009-05,80.03,62.55,17.48
2009-06,83.87,57.19,26.68
2009-07,84.53,59.19,25.34
2009-08,78.2,66.04,12.16
2009-09,89.98,63.63,26.36
2009-10,89.01,68.36,20.65
2009-11,84.82,66.32,18.5
2009-12,87.35,63.8,23.54
2010-01,90.77,69.85,20.93
2010-02,88.44,64.73,23.71
2010-03,89.25,61.54,27.71
2010-04,85.16,74.44,10.72
2010-05,93.95,63.07,30.88
2010-06,92.99,71.26,21.73
2010-07,94.38,72.72,21.66
2010-08,87.96,70.89,17.07
2010-09,101.47,65.95,35.52
2010-10,96.3,74.6,21.7
2010-11,94.96,67.78,27.18
2010-12,105.46,68.62,36.84
2011-01,98.01,72.12,25.9
2011-02,93.26,76.12,17.14
2011-03,98.32,75.2,23.11
2011-04,91.68,77.29,14.39
2011-05,105.93,74.07,31.86
2011-06,100.99,75.44,25.55
2011-07,100.62,73.09,27.52
2011-08,108.83,76.1,32.72
2011-09,98.9,79.39,19.51
2011-10,108.62,77.26,31.36
2011-11,99.21,80.13,19.08
2011-12,105.83,77.54,28.29
2012-01,104.69,78.03,26.65
2012-02,116.39,80.48,35.91
2012-03,118.66,80.33,38.33
2012-04,111.34,83.24,28.1
2012-05,117.1,82.55,34.55
2012-06,114.11,87.79,26.33
2012-07,118.21,82.46,35.75
2012-08,114.05,82.99,31.06
2012-09,111.36,81.1,30.26
2012-10,112.12,84.84,27.28
2012-11,122.02,87.37,34.65
2012-12,130.64,83.66,46.98
2013-01,123.9,86.28,37.62
2013-02,121.9,89.14,32.76
2013-03,132.84,87.16,45.68
2013-04,127.33,86.53,40.8
2013-05,127.99,91.56,36.42
2013-06,129.79,89.49,40.3
2013-07,129.46,90.94,38.51
2013-08,129.96,93.83,36.13
2013-09,126.66,94.3,32.36
2013-10,135.61,90.38,45.23
2013-11,134.43,90.41,44.02
2013-12,140.78,93.39,47.38
2014-01,135.72,92.7,43.02
2014-02,130.76,87.96,42.8
2014-03,139.16,98.05,41.11
2014-04,147.52,94.84,52.68
2014-05,140.34,97.56,42.79
2014-06,139.46,92.4,47.06
2014-07,139.37,100.35,39.02
2014-08,141.05,95.29,45.77
2014-09,145.14,97.3,47.84
2014-10,142.7,93.99,48.71
2014-11,154.46,98.27,56.19
2014-12,148.37,98.66,49.71
2015-01,150.94,99.37,51.56
2015-02,157.24,101.83,55.41
2015-03,158.45,101.28,57.17
2015-04,152.51,104.62,47.9
2015-05,155.59,100.88,54.71
2015-06,158.07,99.9,58.18
2015-07,155.2,103.43,51.77
2015-08,149.67,105.98,43.69
2015-09,160.18,108.45,51.73
2015-10,161.88,107.77,54.11
2015-11,160.68,100.66,60.02
2015-12,156.0,107.73,48.28
2016-01,159.56,111.62,47.94
2016-02,158.59,108.08,50.51
2016-03,160.33,107.0,53.33
2016-04,167.26,110.14,57.11
2016-05,168.7,108.39,60.31
2016-06,165.73,112.5,53.23
2016-07,165.69,111.25,54.44
2016-08,166.61,116.18,50.43
2016-09,164.23,114.23,50.0
2016-10,164.32,111.3,53.02
2016-11,162.24,116.03,46.2
2016-12,164.99,117.79,47.19
2017-01,174.5,114.06,60.44
2017-02,169.16,115.29,53.87
2017-03,164.5,110.46,54.04
2017-04,164.14,120.91,43.24
2017-05,162.71,117.27,45.44
2017-06,167.77,113.52,54.25
2017-07,167.92,115.44,52.47
2017-08,160.64,120.96,39.68
2017-09,168.39,124.8,43.59
2017-10,164.17,123.15,41.02
2017-11,172.14,125.74,46.4
2017-12,167.02,121.93,45.09
2018-01,173.2,122.13,51.08
2018-02,164.42,129.73,34.69
2018-03,165.0,129.48,35.52
2018-04,167.22,128.83,38.39
2018-05,170.1,133.69,36.4
2018-06,167.97,127.91,40.06
2018-07,160.58,130.42,30.16
2018-08,166.03,135.67,30.37
2018-09,165.15,139.0,26.15
2018-10,163.08,134.4,28.69
2018-11,161.92,140.29,21.63
2018-12,171.19,134.31,36.89
2019-01,162.3,137.96,24.35
2019-02,160.12,137.28,22.84
2019-03,165.66,133.86,31.79
2019-04,163.21,140.21,23.0
2019-05,161.94,143.03,18.91
2019-06,164.89,140.57,24.32
2019-07,163.22,141.57,21.65
2019-08,162.18,146.71,15.47
2019-09,164.04,139.52,24.52
2019-10,160.75,139.51,21.24
2019-11,156.56,142.75,13.81
2019-12,156.97,141.82,15.15
2020-01,155.73,150.14,5.58
2020-02,158.03,147.71,10.32
2020-03,152.27,144.86,7.41
2020-04,148.65,146.27,2.38
2020-05,155.74,157.35,-1.6
2020-06,149.48,147.58,1.9
2020-07,146.48,147.75,-1.28
2020-08,155.27,151.58,3.69
2020-09,150.46,153.2,-2.74
2020-10,154.86,152.57,2.29
2020-11,150.37,149.79,0.58
2020-12,147.66,149.64,-1.97
2021-01,146.89,155.5,-8.61
2021-02,149.57,154.15,-4.58
2021-03,150.35,149.98,0.37
2021-04,148.01,159.0,-10.99
2021-05,150.1,158.4,-8.3
2021-06,145.04,155.93,-10.89
2021-07,151.25,156.45,-5.2
2021-08,144.07,158.5,-14.43
2021-09,150.57,156.32,-5.75
2021-10,154.27,154.9,-0.63
2021-11,156.03,160.49,-4.46
2021-12,158.73,155.77,2.96
2022-01,145.89,161.82,-15.94
2022-02,155.42,156.89,-1.47
2022-03,157.51,161.48,-3.97
2022-04,156.94,161.93,-4.99
2022-05,149.65,168.25,-18.59
2022-06,155.39,160.27,-4.87
2022-07,161.58,159.77,1.81
2022-08,148.57,162.64,-14.07
2022-09,156.89,161.76,-4.87
2022-10,159.88,163.92,-4.04
2022-11,153.11,167.51,-14.4
2022-12,158.7,169.12,-10.42
2023-01,152.57,172.33,-19.77
2023-02,154.1,165.7,-11.6
2023-03,154.58,176.38,-21.79
2023-04,159.14,174.96,-15.83
2023-05,158.53,168.96,-10.43
2023-06,163.24,163.25,-0.01
2023-07,156.2,170.43,-14.23
2023-08,159.98,171.45,-11.47
2023-09,164.89,164.88,0.01
2023-10,163.85,172.55,-8.71
2023-11,156.86,172.28,-15.42
2023-12,165.38,171.08,-5.69
